{
  "name": "Onmyoji Knight",
  "author": "芈蓺藜雨",
  "game": "hollowKnight",
  "type": "character",
  "desc": "Birthplace, ClawGet, Cloak, CSlashGet, DashGet (x2), DGateGet, DNailGet (x2), DreamArrival, Dreamnail, DSlashGet, FireBallGet, Grimm, GSlashGet, Hornet, icon, JournalGet, KingGet, Knight, Quirrel, SDashGet, Shade, Shriek, SkullLeft, SkullRight, Some Charms, Some text (Chinese), Sprint, TearGet, Unn, Webbed, Wings",
  "source": "https://drive.google.com/drive/folders/1uLy7--5C65yQBd05no-vMnaZgEOaqlym",
  "dateAdded": "2025-08-25"
}
