{
  "name": "Valentino (1.0)",
  "author": "Elliott255",
  "game": "hollowKnight",
  "type": "character",
  "desc": "Cloak, DeathPt, DoubleJFeather, DreamArrival, Dreamnail, DungRecharge, Hatchling, HitPt, HUD, Knight, Leak, OrbFull, QOrbs2, QOrbs, ScrOrbs2, ScrOrbs, SDCrystalBurst, ShadeOrb, ShadowDashBlobs, Shriek, Sprint, Unn, VoidSpells, Weaver, Wings, Wraiths",
  "source": "https://discord.com/channels/283467363729408000/610754780461006848/1263642768454979685",
  "dateAdded": "2025-01-05"
}
