{
  "name": "Enchanted Knight (V4)",
  "author": "Electric Van",
  "game": "hollowKnight",
  "type": "character",
  "desc": "Baldur, Birthplace, BrummShield, DDeathpt, DeathAsh, Deathpt, DreamArrival, Dreamnail, Fluke, Geo, Grimm, Hatchling, HitPit, Hornet, Knight, Liquid, OrbFull, Orbicon, Quirrel, SDCrystalBurst, ShadeOrb, Shade, ShadowDashBlobs, Shield, Unn, VoidSpells, VS, Weaver, Webbed, Wings, Wraiths, All Charms, Some Area Backgrounds, Some Inventory, HUD, SaveHud, Nosk, Radiance, Some Text, ",
  "source": "https://skins.hk-modding.org/share/Wr6XbiURhA3GyRuc",
  "dateAdded": "2025-05-24"
}
