{
  "name": "Transparency Knight",
  "author": "Minish",
  "game": "hollowKnight",
  "type": "character",
  "desc": "Baldur, Beam, Birthplace, All Charms, Cloak, Compass, DoubleJFeather, DreamArrival, Dreamnail, DungRecharge, Fluke, Geo, Grimm,  Hatchling, HitPt, Hornet, HUD, Knight, Leak, Liquid, OrbFull, QOrbs, QOrbs2, Quirrel, ScrOrbs, ScrOrbs2, SDCrystalBurst, Shade, ShadeOrb, ShadowDashBlobs, Shield, Shriek, Sprint, Unn, VoidSpells, VS, Weaver, Webbed, Wings, Wraiths, Inventory",
  "source": "https://drive.google.com/file/d/1IdWY69BPNfiS-B-YI7W8lb2Etbbq80yh",
  "dateAdded": "2024-12-19"
}
