{
  "name": "Isaac Knight",
  "author": "Minishlink",
  "desc": "All Charms, Cloak, Compass, Fluke, Geo, Grimm, Hatchling, HitPt, HUD, Inventory, Knight, Leak, Liquid, OrbFull, QOrbs (2x), ScrOrbs (2x), SDCrystalBurst, ShadeOrb, Shade, ShadowDashBlobs, Shield, Sprint, Unn, VoidSpells, VS, Weaver, Wraiths, Deepnest_32, GG_Nosk, GG_Nosk_V, Room_nailmaster_03, HPBar, Transcendence Charms",
  "source": "https://drive.google.com/drive/folders/1uWwZsIUwULmnIyLhMi8bSODz8jzh6lON",
  "dateAdded": "2024-12-19"
}
