{
  "name": "Sealed Vessel",
  "author": "Hinasaki",
  "game": "hollowKnight",
  "type": "character",
  "desc": "Baldur, Beam, Birthplace, Cloak, Compass, Dab, DeathAsh, DeathNail, Deathpt, DoubleJFeather, DreamArrival, Dreamnail, DungRecharge, Hatchling (x2), Hornet, HUD, Inventory, Knight, Leak, Liquid, Nosk, OrbFull, orbicon, QOrbs, QOrbs2, Quirrel, SaveHud, ScrOrbs (x2), ScrOrbs2, SDCrystalBurst, Shade (x2), ShadowDashBlobs, Shriek, Some Charms, Sprint, Swap, Unn, VoidSpells (x3), VS, Webbed, Wings, Wraiths",
  "source": "https://drive.google.com/drive/folders/1Nq8BmGrRhaRgzOS6g_7RdKm1EB2yTzz6",
  "dateAdded": "2024-08-27"
}
