{
  "name": "Weird Gentleman",
  "author": "海鹄",
  "desc": "Baldur, Beam, Charm Effects Cln, Some Charms, DoubleJFeather, DreamArrival, Dreamnail, Fluke, Geo, Grimm, Hatchling, HitPt, Hollow Shade, Hornet, HUD Extras Cln, HUD, Knight, Lamp Bug Cln, Leak,Liquid, OrbFull, Quirrel, SDCrystalBurst, ShadowDashBlobs, Shield, Shriek, SkullLeft, SkullRight, Sprint, Unn, VoidSpells, VS, Weaver, Webbed, Wings, Wraiths",
  "source": "https://drive.google.com/drive/folders/1wYmdjFbsGKhSq78OUYR8SuaojoYnATRR",
  "dateAdded": "2024-12-19"
}
