{
  "name": "Wind Elf Wendy (Updated)",
  "author": "林中雨燕",
  "game": "hollowKnight",
  "type": "character",
  "desc": "Baldur, Beam, Birthplace, Cloak, DoubleJFeather, DreamArrival, DreamNail, Fluke, Grimm, Hatchling, HitPt, Hornet, HUD, icon, knight, Liquid, OrbFull, Quirrel, SDCrystalBurst, ShadowDashBlobs, Shriek, Sprint, Unn, VoidSpells, VS, Weaver, Webbed, Wings, Wraiths",
  "source": "https://discord.com/channels/283467363729408000/610754780461006848/1274323889119563797",
  "dateAdded": "2025-08-24"
}
