{
  "name": "Little Grimm",
  "author": "_yukawa_",
  "game": "hollowKnight",
  "type": "character",
  "desc": "Baldur, Beam, Some Charms, DoubleJFeather, DreamArrival, DungRecharge, Grimm, Hatchling, HitPt, HUD, Knight, Leak, Liquid, OrbFull, SDCrystalBurst, ShadeOrb, ShadowDashBlobs, Shield, SkullLeft, SkullRight, Sprint, Unn, VoidSpells, VS, Weaver, Webbed, Wraiths",
  "source": "https://discordapp.com/channels/283467363729408000/610754780461006848/1009229644408553502",
  "dateAdded": "2024-12-07"
}
