{
  "name": "Yeah However (2.0)",
  "author": "DwarfWoot",
  "game": "hollowKnight",
  "type": "character",
  "desc": "All Charms, AreaBackgrounds, Baldur, Beam, Birthplace, BrummShield, BrummWave, Cinematics, Cloak, Compass, DDeathpt, DeathAsh, DeathNail, Deathpt, DoubleJFeather, DreamArrival, Dreamnail, DungRecharge, FlowerBreak, Fluke, Geo, Grimm, Hatchling, HitPt, Hornet, Hud, Knight, Leak, Liquid, OrbFull, orbicon, QOrbs, QOrbs2, Quirrel, Salubra, SaveHud, ScrOrbs, ScrOrbs2, SDCrystalBurst, Shade, ShadeOrb, ShadowDashBlobs, Shield, Shriek, Sprint, Unn, VoidSpells, VS, Weaver, Webbed, Wings, Wraiths",
  "source": "https://skins.hk-modding.org/s/YeahHowever2-0byDwarfwoot",
  "dateAdded": "2025-08-24"
}
