{
  "name": "KarK's Pirate",
  "author": "KarK",
  "game": "hollowKnight",
  "type": "character",
  "desc": "Compass, DreamArrival, Dreamnail, Knight, OrbFull, Quirrel, Sprint, VoidSpells, Webbed, ] [Swaps for: Abyss_19, Crossroads_50, Fungus3_23_boss, Fungus3_Archive, Fungus3_Archive_02, GG_Brooding_Mawlek_V, GG_Galien, GG_Ghost_Gorb, GG_Ghost_Gorb_V, GG_Sly, Global, Room_Colosseum_01, Room_Colosseum_Bronze, Room_Colosseum_Gold, Room_Colosseum_Silver, Room_Final_Boss_Core, Town",
  "source": "https://drive.google.com/drive/folders/1ig_MLkgaPQYBgn2DSlZ-b56A9IwUxrr-",
  "dateAdded": "2024-12-16"
}
