{
  "name": "Child of Void",
  "author": "little.ghost.",
  "game": "hollowKnight",
  "type": "character",
  "desc": "Birthplace, Cloak, Compass, DreamArrival, Dreamnail, Hornet, Knight, Quirrel (2x), Shade, Shriek, Sprint, Unn, Webbed, Wings, Abyss_19, Deepnest_30, Dream_03_Infected_Knight, Dream_Final_Boss, Fungus2_01, Fungus2_14, Fungus3_archive_02, GG_Workshop, Ruins1_27, Broken Vessel, Lost Kin, The Hollow Knight",
  "source": "https://drive.google.com/drive/folders/1OFKTqzE2Q6YSCjPaFovy9TvRHbbFL_g4",
  "dateAdded": "2024-12-19"
}
