{
  "name": "Open - Paper Blossoms (2.0)",
  "author": "芈蓺藜雨",
  "game": "hollowKnight",
  "type": "character",
  "desc": "Baldur, Birthplace, All Charms, Cloak, DreamArrival, Dreamnail, Fluke, Geo, Grimm, Hatchling, Hornet, HUD, Knight, OrbFull, Quirrel, Shield, Shriek, SkullLeft, SkullRight, Sprint, Unn, VoidSpells, VS, Weaver, Webbed,  Wings, Wraiths",
  "source": "https://discordapp.com/channels/283467363729408000/610754780461006848/943712600959614997",
  "dateAdded": "2024-12-13"
}
