{
  "name": "Little Radiance",
  "author": "HBKit",
  "desc": "Baldur, Beam, Birthplace, Grimmchild Charm, Cloak, Compass, DoubleJFeather, DreamArrival, Dreamnail, DungRecharge, Fluke, Grimm, Hatchling, HitPt, Hornet, HUD, Knight, Leak, Liquid, OrbFull, orbicon, QOrbs (2x), Quirrel, ScrOrbs (2x), SDCrystalBurst, ShadeOrb, Shade, ShadowDashBlobs, Shriek, Sprint (2x), Unn, VoidSpells, VS, Weaver, Webbed, Wings, Wraiths, Some Rooms, Some Bosses, SaveHud, Inventory, HPBar",
  "source": "https://drive.google.com/drive/folders/1OwGZpgUkx25SWZoDvnowD1Zmv2mRU6Hr",
  "dateAdded": "2024-12-19"
}
