{
  "name": "Hylian Knight",
  "author": "Snozzer",
  "desc": "Baldur, Birthplace, Some Charms, Cinematics, Cloak, Compass, DeathNail, DoubleJFeather, DreamArrival, Dreamnail, Geo, Hatchling, Hornet, HUD, Inventory, Knight, OrbFull, Quirrel, SDCrystalBurst, Shade, Shriek, Sprint, Unn, VS, Webbed, Wings, Wraiths, Abyss_04, Deepnest_32, Dream_Final_Boss, Fungus2_26, GG_Nosk, GG_Nosk_V, Menu_Title, Room_Charm_Shop, Room_mapper, Room_shop, Ruins1_05b, Tutorial_01",
  "source": "https://drive.google.com/drive/folders/1znEO-dWdBif30Sgkv91yrUNQgn30tQAv",
  "dateAdded": "2024-12-19"
}
