{
  "name": "Pink Snaveler (Snail Traveler)",
  "author": "Flame-Shadow",
  "game": "hollowKnight",
  "type": "character",
  "desc": "Birthplace, Bretta, Cloak, Colloseum, Compass, Dab, DoubleJFeather, DreamArrival, Dreamnail, Dung Defender Statue, Godhome Statues, Hatchling, Hornet, Hud, Inventory, Knight, Nosk, OrbFull, Quirrel, Shade, Shriek, Some pickup illustrations, Some text, Sprint, Unn, VoidSpells, VS, Weaver, Webbed, Wings, Wraiths",
  "source": "https://drive.google.com/drive/folders/1VLw_1YnFJ-Vvfzii9pnbkffoa7-CGa5A",
  "dateAdded": "2025-08-24"
}
