{
  "name": "Yeah However (1.1)",
  "author": "DwarfWoot",
  "game": "hollowKnight",
  "type": "character",
  "desc": "Baldur, Beam, Birthplace, All Charms, Cloak, Compass, DoubleJFeather, DreamArrival, Dreamnail, DungRecharge, Fluke, Geo, Grimm, Hatchling, HitPt, Hornet, HUD, Knight, Leak, Liquid, OrbFull, QOrbs, QOrbs2, Quirrel, ScrOrbs, ScrOrbs2, SDCrystalBurst, Shade, Shadeorb, ShadowDashBlobs, Shield, Shriek, Sprint, Unn, VoidSpells, VS, Weaver",
  "source": "https://discord.com/channels/879125729936298015/917259056270409759/948874762782916649",
  "dateAdded": "2024-12-19"
}
