{
  "name": "Smolaire",
  "author": "Chaktis",
  "desc": "Baldur, Birthplace, Cloak, DoubleJFeather, DreamArrival, DreamNail, Geo, Grimm, Hatchling, HitPt, Hornet, HUD, Knight, Leak, OrbFull, Quirrel, SDCrystalBurst, ShadowDashBlobs, Shield, Shriek, Sprint, Unn, VoidSpells, VS, Weaver (x2), Webbed, Wings,  Wraiths] [Swaps for: GG_Hollow_Knight, GG_Workshop, Room_Final_Boss_Core, Ruins1_27",
  "source": "https://drive.google.com/drive/folders/1ToV7kmITbSMZKJR-Ae9nDvNQhAXSZgM2",
  "dateAdded": "2024-12-19"
}
