{
  "name": "Sketch Knight",
  "author": "Minish",
  "desc": "Baldur, Beam, Birthplace, All Charms, Cloak, Compass, DoubleJFeather, DreamArrival, Dreamnail, DungRecharge, Fluke, Geo, Grimm, Hatchling, HitPt, Hornet, HUD, Knight, Leak, Liquid, OrbFull, QOrbs, QOrbs2, Quirrel, ScrOrbs, ScrOrbs2,SDCrystalBurst, Shade, ShadeOrb, ShadowDashBlobs, Shield, Shriek, Sprint, Unn, VoidSpells,  VS, Weaver, Webbed, Wings, Wraiths",
  "source": "https://drive.google.com/file/d/1hTjXlbK13c8J2Fi06qaJ4lDULD7DmCWF/view",
  "dateAdded": "2024-12-18"
}
