{
  "name": "Yeah However (1.0)",
  "author": "DwarfWoot",
  "game": "hollowKnight",
  "type": "character",
  "desc": "Baldur, Beam, Birthplace, All Charms (x2), Cloak, Compass, DoubleJFeather, DreamArrival, Dreamnail, DungRecharge, Fluke, Geo, Grimm, Hatchling, HitPt, Hornet, HUD, Knight, Leak, Liquid, OrbFull, QOrbs, QOrbs2, Quirrel, ScrOrbs, ScrOrbs2, SDCrystalBurst, Shade, SahdeOrb, ShadowDashBlobs, Shield, Shriek, Slug, Spell Effects 2, Sprint, Unn, VoidSpells (x2), VS, Weaver, Webbed, Wings, Wraiths",
  "source": "https://discord.com/channels/879125729936298015/917259056270409759/948872830274113536",
  "dateAdded": "2024-12-19"
}
