{
  "name": "Mould",
  "author": "HBKit",
  "game": "hollowKnight",
  "type": "character",
  "desc": "Baldur, Birthplace, Cloak, DoubleJFeather, DreamArrival, Dreamnail, Grimm, Hatchling,Hornet, HUD, Knight, Liquid, OrbFull, Quirrel, SDCrystalBurst, Shade, Shriek, Sprint, Unn, VoidSpells, VS, Weaver, Webbed, Wings, Wraiths] [Swaps for: Deepnest_32, Dream_Final_Boss, GG_Nosk, Room_Bretta",
  "source": "https://drive.google.com/drive/folders/1A0Tm6-aw9kenRIWaiI7iTYYlD2sIcTLr",
  "dateAdded": "2024-12-07"
}
