{
  "name": "Five Pebbles",
  "author": "lime",
  "desc": "Birthplace, Cinematics, Cloak, DoubleJFeather, DreamArrival, Dreamnail, Hornet, HUD, Knight, OrbFull, Quirrel, Shade, Shriek, Sprint, Swap, Unn, VoidSpells, VS, Webbed, Wings, Wraiths, Abyss_06_Core, Abyss_21, Deepnest_32, Deepnest_40, Deepnest_East_01, Deepnest_East_Hornet, Deepnest_Spider_Town, Fungus1_04, Fungus2_18, Fungus3_44, GG_Nosk, GG_Nosk_Hornet, GG_Nosk_V, GG_Workshop, RestingGrounds_04, Room_Bretta, Room_nailmaster, Room_ruinhouse, Ruins1_27",
  "source": "https://drive.google.com/drive/folders/1h1AA8EXkAt2j44nnbm9pCnZjfJxqhgtw",
  "dateAdded": "2024-12-19"
}
