{
  "name": "Terrarian HUD",
  "author": "darkcatyyt",
  "game": "hollowKnight",
  "type": "character",
  "desc": "Baldur, Beam, BrummShield, All Charms, DDeathpt, DoubleJFeather, DreamArrival, Dreamnail, DungRecharge, Fluke, Geo, Grimm, Hatchling, HitPt, Hornet, HUD, Inventory, Knight, Liquid, OrbFull, orbicon, QOrbs (2x), ScrOrbs (2x), SDCrystalBurst, ShadeOrb, Shade, Shield, Shriek, Sprint, Unn, VoidSpells, VS, Weaver, Webbed, Wings, Wraiths, Abyss_05, Abyss_06_Core, Cliffs_05, Cliffs_06, Crossroads_02, Crossroads_03, Crossroads_08, Crossroads_14, Crossroads_15, Crossroads_19, Crossroads_27, Crossroads_39, Crossroads_ShamanTemple, Deepnest_45_v02, Deepnest_East_03, Deepnest_East_04, Deepnest_East_15, Dream_Final_Boss, Dream_Guardian_Hegemol, Dream_Guardian_Lurien, Dream_Guardian_Monomon, Fungus1_04, Fungus1_10, Fungus2_15, GG_Atrium, GG_Atrium_Roof, GG_Blue_Room, GG_Broken_Vessel, GG_Engine_Prime, GG_Engine_Root, GG_Ghost_Markoth, GG_Ghost_Markoth_V, GG_Grimm_Nightmare, GG_Hollow_Knight, GG_Hornet_1, GG_Hornet_2, GG_Lost_Kin, GG_Mantis_Lords, GG_Mantis_Lords_V, GG_Radiance, GG_Soul_Master, GG_Soul_Tyrant, GG_Workshop, GG_Wyrm, Global, Grimm_Nightmare, Menu_Title, Mines_10, Mines_34, Mines_35, Quit_To_Menu, RestingGrounds_04, RestingGrounds_10, Room_Final_Boss_Atrium, Room_Final_Boss_Core, Room_temple, Room_Wyrm, Ruins1_24, Ruins1_27, Tutorial_01, White_Palace_17, White_Palace_18, White_Palace_19, White_Palace_20, Achievements, Journal, SaveHud",
  "source": "https://drive.google.com/drive/folders/1Dl0qCCk1OC0U3cudF8yeG95kR1XV7RDB",
  "dateAdded": "2024-12-19"
}
