{
  "name": "The Hollow Knight",
  "author": "Hinasaki",
  "game": "hollowKnight",
  "type": "character",
  "desc": "Baldur, Beam, Birthplace, Cloak, Compass, Dab, DoubleJFeather, DreamArrival, Dreamnail, Hatchling, Hornet, HUD, Inventory, Knight, Liquid, Nosk, OrbFull, orbicon, QOrbs, QOrbs2, Quirrel, SaveHud, ScrOrbs, ScrOrbs2, SDCrystalBurst, Shade, Shriek, Some Charms, Sprint, Unn, VoidSpells, VS, Webbed, Wings, Wraiths",
  "source": "https://drive.google.com/drive/folders/1Nq8BmGrRhaRgzOS6g_7RdKm1EB2yTzz6",
  "dateAdded": "2024-08-27"
}
