{
  "name": "Lost Kin",
  "author": "teh_ches_noddle",
  "game": "hollowKnight",
  "type": "character",
  "desc": "Baldur, Beam, Birthplace, Bretta room, Cinematics, Cloak, Colosseum marks, Compass, Dab, DeathAsh, DeathNail, DoubleJFeather, DreamArrival, Dreamnail, Dung Defender statue, DungRecharge, Hatchling, Hornet, HUD, icon, Inventory, Knight, Liquid, Nosk, OrbFull, orbicon, QOrbs, QOrbs2, Quirrel, SaveHud, ScrOrbs, ScrOrbs2, SDCrystalBurst, Shade, Shield, Shriek, Some Charms, Some Godhome statues, Sprint, Unn, VoidSpells, VS, Webbed, Wings, Wraiths",
  "source": "https://skins.hk-modding.org/share/LostKinByteh_ches_noddle",
  "dateAdded": "2025-08-25"
}
